"rules","support","confidence","coverage","lift","count"
"{LDL COLESTEROL (LDL-C) } => {COLESTEROL HDL (HDL-C) |(antes)| COLESTEROL HDL}",0.517736865738662,0.985470085470086,0.525370453524921,1.78571349092098,1153
"{COLESTEROL HDL (HDL-C) |(antes)| COLESTEROL HDL} => {LDL COLESTEROL (LDL-C) }",0.517736865738662,0.938161106590724,0.551863493488999,1.78571349092098,1153
"{COLESTEROL HDL (HDL-C) |(antes)| COLESTEROL HDL} => {COLESTEROL TOTAL}",0.51549169286035,0.934092758340114,0.551863493488999,1.64705033477707,1148
"{COLESTEROL TOTAL} => {COLESTEROL HDL (HDL-C) |(antes)| COLESTEROL HDL}",0.51549169286035,0.908946951702296,0.567130669061518,1.64705033477707,1148
"{COLESTEROL TOTAL} => {GLUCEMIA (C/U) |(antes)| GLUCEMIA}",0.51549169286035,0.908946951702296,0.567130669061518,1.33965907441497,1148
"{CREATININA - serica o urinaria } => {GLUCEMIA (C/U) |(antes)| GLUCEMIA}",0.568477772788505,0.90948275862069,0.625056129321958,1.34044877792738,1266
"{GLUCEMIA (C/U) |(antes)| GLUCEMIA} => {CREATININA - serica o urinaria }",0.568477772788505,0.837855724685639,0.678491243825775,1.34044877792738,1266
